origin,file,kind,group,classifier,embedding_model,vectorizer,model,accuracy,precision,recall,f1,time_e7,acc_bn,acc_en,acc_tbn,n_params,train_s,single_latency,baseline
new,char_tfidf_logistic.json,lexical,CharTFIDF,LogReg,N/A,char_tfidf,logistic,0.9814169570267132,0.9814010045700204,0.9806083225110876,0.980996969391823,12.916273712504973,0.9740450538687562,0.9847266881028939,0.9921383647798742,,4.3399496220001765,,char_tfidf
new,char_tfidf_naive_bayes.json,lexical,CharTFIDF,NB,N/A,char_tfidf,naive_bayes,0.9628339140534262,0.9617417258326777,0.9623713582122466,0.9620510271419145,15.945079365709558,0.9564152791380999,0.9710610932475884,0.9512578616352201,,0.037132099000245944,,char_tfidf
new,char_tfidf_random_forest.json,lexical,CharTFIDF,RF,N/A,char_tfidf,random_forest,0.9845141308555942,0.9844552078158635,0.983888381808826,0.9841678586998245,435.4895509095513,0.9755142017629774,0.9895498392282959,0.9937106918238994,,3.40383133000023,,char_tfidf
new,char_tfidf_svm.json,lexical,CharTFIDF,SVM,N/A,char_tfidf,svm,0.9852884243128146,0.9850227809972906,0.9849104714415231,0.9849664688570463,30225.879548974302,0.9769833496571988,0.9891479099678456,0.9968553459119497,,360.63315280500024,,char_tfidf
new,fasttext_char.json,fasttext,fastText (char n-gram),fastText,N/A,fasttext,fasttext,0.9829655439411537,0.9825947661169783,0.9825947661169783,0.9825947661169783,814.9470441350785,0.9740450538687562,0.987540192926045,0.9937106918238994,,22.11532094300037,,fasttext_char
new,fasttext_word.json,fasttext,fastText (word),fastText,N/A,fasttext,fasttext,0.981029810298103,0.9810047786411675,0.9802127490137462,0.9806010729208193,145.96684281921384,0.9725759059745348,0.9863344051446945,0.9874213836477987,,3.098276459000317,,fasttext_word
new,finetune_FacebookAI_xlm-roberta-base_bert.json,finetune,XLM-R-Base,Fine-tuned,FacebookAI/xlm-roberta-base,bert-end-to-end,bert,0.9860627177700348,0.9852943783654246,0.9862789750312415,0.9857739619197838,22235.649018582997,0.9799216454456415,0.9879421221864951,0.9984276729559748,278045186,496.88604003399996,0.006850214050000431,xlmr_base_ft
new,finetune_ai4bharat_IndicBERTv2-MLM-only_bert.json,finetune,IndicBERTv2,Fine-tuned,ai4bharat/IndicBERTv2-MLM-only,bert-end-to-end,bert,0.9831591173054588,0.9825568560376289,0.9830523633334151,0.9828014362634833,21588.2201819592,0.975024485798237,0.9867363344051447,0.9952830188679245,278042882,461.22965028599947,0.006615665230001468,indicbertv2_ft
new,finetune_ai4bharat_indic-bert_bert.json,finetune,IndicBERT,Fine-tuned,ai4bharat/indic-bert,bert-end-to-end,bert,0.9852884243128146,0.9849142524326072,0.9850259427605302,0.984969940340062,21671.941631822574,0.9784524975514202,0.987540192926045,0.9984276729559748,33445122,406.8770380550004,0.0039866813000026015,indicbert_ft
new,finetune_csebuetnlp_banglabert_bert.json,finetune,BanglaBERT,Fine-tuned,csebuetnlp/banglabert,bert-end-to-end,bert,0.9870305845915602,0.9866669738716074,0.9868348913283183,0.9867505781659502,23058.36061556279,0.9818805093046034,0.9887459807073955,0.9968553459119497,110618882,472.0714720679998,0.006963278999996873,banglabert_ft
new,finetune_distilbert_distilbert-base-multilingual-cased_bert.json,finetune,DistilBERT,Fine-tuned,distilbert/distilbert-base-multilingual-cased,bert-end-to-end,bert,0.9849012775842044,0.9844655245256216,0.9846881049226923,0.98457618617162,11670.684777389966,0.975024485798237,0.989951768488746,0.9968553459119497,135326210,299.5820130050006,0.003388157319996026,distilbert_multilingual_ft
new,finetune_google-bert_bert-base-multilingual-cased_bert.json,finetune,mBERT,Fine-tuned,google-bert/bert-base-multilingual-cased,bert-end-to-end,bert,0.9874177313201703,0.9869559841646252,0.9873459361446668,0.9871490309418682,23045.190787843894,0.9794319294809011,0.9915594855305466,0.9968553459119497,177854978,546.1168913790002,0.006495895519997248,mbert_ft
new,finetune_google_muril-base-cased_bert.json,finetune,MuRIL,Fine-tuned,google/muril-base-cased,bert-end-to-end,bert,0.9847077042198994,0.9841891853222706,0.984576921663277,0.9843811299139629,22212.103304297223,0.9764936336924583,0.9879421221864951,0.9984276729559748,237557762,469.7090987020001,0.006597738000000391,muril_ft
new,huggingface_FacebookAI_xlm-roberta-base_logistic.json,embed,XLM-R-Base,LogReg,FacebookAI/xlm-roberta-base,huggingface,logistic,0.9531552458381727,0.9542619542619543,0.9499993874200583,0.9519201082133308,50.38342818397846,0.9588638589618022,0.9501607717041801,0.9465408805031447,,0.7616531630001191,,xlmr_base_emb
new,huggingface_FacebookAI_xlm-roberta-base_random_forest.json,embed,XLM-R-Base,RF,FacebookAI/xlm-roberta-base,huggingface,random_forest,0.9765776229190863,0.9777354510571272,0.9744800727744971,0.9759887758169175,46.45771970524312,0.970617042115573,0.9819131832797428,0.9748427672955975,,6.190144511000653,,xlmr_base_emb
new,huggingface_FacebookAI_xlm-roberta-base_svm.json,embed,XLM-R-Base,SVM,FacebookAI/xlm-roberta-base,huggingface,svm,0.9657375145180023,0.9661972331875245,0.9637504288059592,0.9649021257086742,23321.548675959,0.9666993143976493,0.9622186495176849,0.9764150943396226,,341.5501067040004,,xlmr_base_emb
new,huggingface_ai4bharat_IndicBERTv2-MLM-only_logistic.json,embed,IndicBERTv2,LogReg,ai4bharat/IndicBERTv2-MLM-only,huggingface,logistic,0.9777390631049168,0.9776085545099695,0.9768792421160961,0.9772372917599563,100.30689895572092,0.9745347698334965,0.9803054662379421,0.9779874213836478,,0.6346974340003726,,indicbertv2_emb
new,huggingface_ai4bharat_IndicBERTv2-MLM-only_random_forest.json,embed,IndicBERTv2,RF,ai4bharat/IndicBERTv2-MLM-only,huggingface,random_forest,0.9775454897406117,0.9784250942559325,0.9757288169856166,0.9769937724675589,145.15819783092758,0.9740450538687562,0.9819131832797428,0.9716981132075472,,9.658214439999938,,indicbertv2_emb
new,huggingface_ai4bharat_IndicBERTv2-MLM-only_svm.json,embed,IndicBERTv2,SVM,ai4bharat/IndicBERTv2-MLM-only,huggingface,svm,0.9802555168408827,0.9799877398393919,0.9796525446570779,0.9798187327470027,3678.789235385268,0.9745347698334965,0.9831189710610932,0.9874213836477987,,89.73252560800029,,indicbertv2_emb
new,huggingface_ai4bharat_indic-bert_logistic.json,embed,IndicBERT,LogReg,ai4bharat/indic-bert,huggingface,logistic,0.967479674796748,0.9681461114507128,0.9653861703952366,0.9666765370088686,74.16366628057538,0.9598432908912831,0.9718649517684887,0.9748427672955975,,0.8032535840002311,,indicbert_emb
new,huggingface_ai4bharat_indic-bert_random_forest.json,embed,IndicBERT,RF,ai4bharat/indic-bert,huggingface,random_forest,0.967673248161053,0.9706024665875144,0.9638230195290485,0.9667452074443659,160.7649883870616,0.9583741429970617,0.9770900321543409,0.960691823899371,,9.556089812999744,,indicbert_emb
new,huggingface_ai4bharat_indic-bert_svm.json,embed,IndicBERT,SVM,ai4bharat/indic-bert,huggingface,svm,0.9719318621757647,0.9728214643754031,0.9698486621254074,0.9712333528587747,7055.131670538128,0.9632713026444663,0.9762861736334405,0.9827044025157232,,146.21966316500038,,indicbert_emb
new,huggingface_csebuetnlp_banglabert_logistic.json,embed,BanglaBERT,LogReg,csebuetnlp/banglabert,huggingface,logistic,0.9550909794812233,0.9564681635886518,0.9518040479282547,0.9538891966759002,24.521670538229987,0.9632713026444663,0.9457395498392283,0.9654088050314465,,0.6724465639999835,,banglabert_emb
new,huggingface_csebuetnlp_banglabert_random_forest.json,embed,BanglaBERT,RF,csebuetnlp/banglabert,huggingface,random_forest,0.9721254355400697,0.9742058356173545,0.9690938104922693,0.9713721351508113,69.60106465303298,0.9691478942213516,0.9758842443729904,0.9669811320754716,,7.045931882000332,,banglabert_emb
new,huggingface_csebuetnlp_banglabert_svm.json,embed,BanglaBERT,SVM,csebuetnlp/banglabert,huggingface,svm,0.9641889276035618,0.9658968992398012,0.9610711572860258,0.9632282482281584,9741.202400309428,0.9686581782566112,0.9569935691318328,0.9779874213836478,,192.390901021,,banglabert_emb
new,huggingface_google-bert_bert-base-multilingual-cased_logistic.json,embed,mBERT,LogReg,google-bert/bert-base-multilingual-cased,huggingface,logistic,0.9758033294618661,0.975798352528053,0.9747281676508784,0.975249163214741,57.41833913922647,0.9686581782566112,0.9795016077170418,0.9842767295597484,,0.5474446270000044,,mbert_emb
new,huggingface_google-bert_bert-base-multilingual-cased_random_forest.json,embed,mBERT,RF,google-bert/bert-base-multilingual-cased,huggingface,random_forest,0.9717382888114595,0.9740394806160712,0.9685250300164172,0.9709632488194517,89.46694153946434,0.9642507345739472,0.9803054662379421,0.9622641509433962,,8.489668252000229,,mbert_emb
new,huggingface_google-bert_bert-base-multilingual-cased_svm.json,embed,mBERT,SVM,google-bert/bert-base-multilingual-cased,huggingface,svm,0.9779326364692218,0.9779498160182594,0.976932689716008,0.9774285734872548,2411.1008865663393,0.9691478942213516,0.9827170418006431,0.9874213836477987,,83.06990131300063,,mbert_emb
new,huggingface_google_muril-base-cased_logistic.json,embed,MuRIL,LogReg,google/muril-base-cased,huggingface,logistic,0.9639953542392566,0.965883187353659,0.9607290313885962,0.9630175649593126,57.68464188857317,0.9755142017629774,0.9577974276527331,0.9512578616352201,,0.6995137699996121,,muril_emb
new,huggingface_google_muril-base-cased_random_forest.json,embed,MuRIL,RF,google/muril-base-cased,huggingface,random_forest,0.9781262098335269,0.9795401883783215,0.9758891597853521,0.9775678985906915,138.6489876106659,0.9769833496571988,0.9815112540192926,0.9685534591194969,,9.42708183800005,,muril_emb
new,huggingface_google_muril-base-cased_svm.json,embed,MuRIL,SVM,google/muril-base-cased,huggingface,svm,0.9725125822686799,0.9739370934764748,0.9700090049251426,0.9718021294971285,24263.931962833452,0.9764936336924583,0.9690514469453376,0.9732704402515723,,344.0359513450003,,muril_emb
new,word_char_tfidf_logistic.json,lexical,Word+CharTFIDF,LogReg,N/A,word_char_tfidf,logistic,0.9829655439411537,0.9829859082854324,0.9821906165004533,0.9825805552758378,17.188312040038454,0.9745347698334965,0.9871382636655949,0.9937106918238994,,2.2708500710000408,,word_char_tfidf
new,word_char_tfidf_naive_bayes.json,lexical,Word+CharTFIDF,NB,N/A,word_char_tfidf,naive_bayes,0.9694154084397987,0.9679767600820233,0.9697311999215898,0.9688095405140311,17.61483933368797,0.9588638589618022,0.9786977491961415,0.9669811320754716,,0.03646232399978544,,word_char_tfidf
new,word_char_tfidf_random_forest.json,lexical,Word+CharTFIDF,RF,N/A,word_char_tfidf,random_forest,0.9849012775842044,0.9848512446873102,0.9842839553061674,0.9845636622323288,747.0092547422369,0.9769833496571988,0.9891479099678456,0.9937106918238994,,3.6513927119999607,,word_char_tfidf
new,word_char_tfidf_svm.json,lexical,Word+CharTFIDF,SVM,N/A,word_char_tfidf,svm,0.9858691444057298,0.985812660118754,0.9853017568792728,0.9855540161116938,46641.76594850956,0.9764936336924583,0.9907556270096463,0.9968553459119497,,572.6219047899999,,word_char_tfidf
paper,count__logistic.json,lexical,Count,LogReg,N/A,count,logistic,0.9804490902051878,0.9794173139594717,0.9806152159711736,0.9799989504323066,1.1858614012746427,,,,,,,
paper,count__naive_bayes.json,lexical,Count,NB,N/A,count,naive_bayes,0.9643825009678668,0.9638959165421088,0.9633679556996879,0.9636280985474106,1.8232752613262857,,,,,,,
paper,count__random_forest.json,lexical,Count,RF,N/A,count,random_forest,0.9823848238482384,0.9813374457866751,0.9826584114071969,0.9819771078837473,326.8876171115405,,,,,,,
paper,count__svm.json,lexical,Count,SVM,N/A,count,svm,0.9779326364692218,0.97745231065154,0.97745231065154,0.97745231065154,1835.8786004644214,,,,,,,
paper,count_logistic.json,lexical,Count,LogReg,N/A,count,logistic,0.9804490902051878,0.9794173139594717,0.9806152159711736,0.9799989504323066,1.1858614012746427,,,,,,,
paper,count_naive_bayes.json,lexical,Count,NB,N/A,count,naive_bayes,0.9643825009678668,0.9638959165421088,0.9633679556996879,0.9636280985474106,1.8232752613262857,,,,,,,
paper,count_random_forest.json,lexical,Count,RF,N/A,count,random_forest,0.9823848238482384,0.9813374457866751,0.9826584114071969,0.9819771078837473,326.8876171115405,,,,,,,
paper,count_svm.json,lexical,Count,SVM,N/A,count,svm,0.9779326364692218,0.97745231065154,0.97745231065154,0.97745231065154,1835.8786004644214,,,,,,,
paper,distilbert-base-multilingual-cased_bert.json,finetune,DistilBERT,Fine-tuned,distilbert/distilbert-base-multilingual-cased,bert-end-to-end,bert,0.9850948509485095,0.9846897885843153,0.9848570238416113,0.9847730525190771,127816.14566202064,,,,,,,
paper,google_mobilebert-uncased_bert.json,finetune,MobileBERT,Fine-tuned,google/mobilebert-uncased,bert-end-to-end,bert,0.9798683701122726,0.9800501728318629,0.9787950858837078,0.9794036352930262,169240.8946322107,,,,,,,
paper,huggingface_intfloat_multilingual-e5-small_logistic.json,embed,E5-Small,LogReg,intfloat/multilingual-e5-small,huggingface,logistic,0.978513356562137,0.9777858604297861,0.9782888512811723,0.9780341888821644,5.945439412040495,,,,,,,
paper,huggingface_intfloat_multilingual-e5-small_random_forest.json,embed,E5-Small,RF,intfloat/multilingual-e5-small,huggingface,random_forest,0.978319783197832,0.9765199639802995,0.9792207252162342,0.9777870906583328,186.73263646927492,,,,,,,
paper,huggingface_intfloat_multilingual-e5-small_svm.json,embed,E5-Small,SVM,intfloat/multilingual-e5-small,huggingface,svm,0.9821912504839334,0.9815149408247776,0.9820789865871833,0.9817930375047981,1933.3195663959089,,,,,,,
paper,huggingface_jinaai_jina-embeddings-v2-small-en_logistic.json,embed,JinaEmb,LogReg,jinaai/jina-embeddings-v2-small-en,huggingface,logistic,0.9688346883468835,0.9672036950822083,0.9690693378890367,0.9680942138400342,19.26001161415771,,,,,,,
paper,huggingface_sentence-transformers_LaBSE_logistic.json,embed,LaBSE,LogReg,sentence-transformers/LaBSE,huggingface,logistic,0.9806426635694928,0.9799903824949157,0.9804389067248098,0.9802121369237389,11.403749515562136,,,,,,,
paper,huggingface_sentence-transformers_LaBSE_random_forest.json,embed,LaBSE,RF,sentence-transformers/LaBSE,huggingface,random_forest,0.981029810298103,0.9792312428021857,0.982073291118648,0.9805613132551734,203.78040456857286,,,,,,,
paper,huggingface_sentence-transformers_LaBSE_svm.json,embed,LaBSE,SVM,sentence-transformers/LaBSE,huggingface,svm,0.981029810298103,0.9803282203327535,0.9808908759728432,0.9806056269072849,2940.369883855878,,,,,,,
paper,huggingface_sentence-transformers_all-MiniLM-L12-v2_logistic.json,embed,MiniLM12,LogReg,sentence-transformers/all-MiniLM-L12-v2,huggingface,logistic,0.9661246612466124,0.9635109100487613,0.9673208240530222,0.9652512924824138,6.796995741499634,,,,,,,
paper,huggingface_sentence-transformers_all-MiniLM-L12-v2_random_forest.json,embed,MiniLM12,RF,sentence-transformers/all-MiniLM-L12-v2,huggingface,random_forest,0.9655439411536972,0.9619071757614368,0.9680283224400872,0.964575872632351,195.58028842429397,,,,,,,
paper,huggingface_sentence-transformers_all-MiniLM-L12-v2_svm.json,embed,MiniLM12,SVM,sentence-transformers/all-MiniLM-L12-v2,huggingface,svm,0.9680603948896632,0.9652578348974541,0.9695995247773785,0.9672203419930612,3028.260251645361,,,,,,,
paper,huggingface_sentence-transformers_all-MiniLM-L6-v2_logistic.json,embed,MiniLM6,LogReg,sentence-transformers/all-MiniLM-L6-v2,huggingface,logistic,0.9655439411536972,0.9632928315895224,0.966285739123358,0.9646842758561359,6.8608691441994445,,,,,,,
paper,huggingface_sentence-transformers_all-MiniLM-L6-v2_random_forest.json,embed,MiniLM6,RF,sentence-transformers/all-MiniLM-L6-v2,huggingface,random_forest,0.962059620596206,0.9583470142853643,0.9644209820680409,0.9609936575052854,205.60478513400392,,,,,,,
paper,huggingface_sentence-transformers_all-MiniLM-L6-v2_svm.json,embed,MiniLM6,SVM,sentence-transformers/all-MiniLM-L6-v2,huggingface,svm,0.9699961285327139,0.9679285302982039,0.9707652656310161,0.9692532435230431,3387.8920828490127,,,,,,,
paper,huggingface_sentence-transformers_distiluse-base-multilingual-cased-v2_logistic.json,embed,DistilUse,LogReg,sentence-transformers/distiluse-base-multilingual-cased-v2,huggingface,logistic,0.9537359659310879,0.9511412364313543,0.9542364884087234,0.9525728712416801,12.562770034108334,,,,,,,
paper,huggingface_sentence-transformers_distiluse-base-multilingual-cased-v2_random_forest.json,embed,DistilUse,RF,sentence-transformers/distiluse-base-multilingual-cased-v2,huggingface,random_forest,0.9672861014324429,0.9643512165837642,0.9689465590579811,0.966417118593899,192.0915485869713,,,,,,,
paper,huggingface_sentence-transformers_distiluse-base-multilingual-cased-v2_svm.json,embed,DistilUse,SVM,sentence-transformers/distiluse-base-multilingual-cased-v2,huggingface,svm,0.9612853271389856,0.9573249246526672,0.9639393946926544,0.9601765490906131,6075.9514769654625,,,,,,,
paper,huggingface_sentence-transformers_paraphrase-multilingual-MiniLM-L12-v2_logistic.json,embed,ParaMiniLM,LogReg,sentence-transformers/paraphrase-multilingual-MiniLM-L12-v2,huggingface,logistic,0.9709639953542393,0.9696968954448555,0.9709281328999639,0.970293704749557,17.856769260568342,,,,,,,
paper,huggingface_sentence-transformers_paraphrase-multilingual-MiniLM-L12-v2_random_forest.json,embed,ParaMiniLM,RF,sentence-transformers/paraphrase-multilingual-MiniLM-L12-v2,huggingface,random_forest,0.9696089818041037,0.9667823932273161,0.9712697243252311,0.9688056856234242,187.06042586145267,,,,,,,
paper,huggingface_sentence-transformers_paraphrase-multilingual-MiniLM-L12-v2_svm.json,embed,ParaMiniLM,SVM,sentence-transformers/paraphrase-multilingual-MiniLM-L12-v2,huggingface,svm,0.9759969028261711,0.9746084082722796,0.9763241134664569,0.9754310414261551,2541.5597773906165,,,,,,,
paper,tfidf__logistic.json,lexical,TFIDF,LogReg,N/A,tfidf,logistic,0.9773519163763066,0.9762527259807405,0.9774427207554788,0.9768304673324739,1.259465737521249,,,,,,,
paper,tfidf__naive_bayes.json,lexical,TFIDF,NB,N/A,tfidf,naive_bayes,0.9670925280681378,0.9663762527259807,0.9663762527259807,0.9663762527259807,2.055352303409625,,,,,,,
paper,tfidf__random_forest.json,lexical,TFIDF,RF,N/A,tfidf,random_forest,0.9814169570267132,0.9803196442135699,0.9816970681397641,0.9809857055397628,347.44576267930677,,,,,,,
paper,tfidf__svm.json,lexical,TFIDF,SVM,N/A,tfidf,svm,0.980836236933798,0.9799860944353238,0.9808355035304857,0.980401970478838,2355.8513782427253,,,,,,,
paper,tfidf_logistic.json,lexical,TFIDF,LogReg,N/A,tfidf,logistic,0.9773519163763066,0.9762527259807405,0.9774427207554788,0.9768304673324739,1.259465737521249,,,,,,,
paper,tfidf_naive_bayes.json,lexical,TFIDF,NB,N/A,tfidf,naive_bayes,0.9670925280681378,0.9663762527259807,0.9663762527259807,0.9663762527259807,2.055352303409625,,,,,,,
paper,tfidf_random_forest.json,lexical,TFIDF,RF,N/A,tfidf,random_forest,0.9814169570267132,0.9803196442135699,0.9816970681397641,0.9809857055397628,347.44576267930677,,,,,,,
paper,tfidf_svm.json,lexical,TFIDF,SVM,N/A,tfidf,svm,0.980836236933798,0.9799860944353238,0.9808355035304857,0.980401970478838,2355.8513782427253,,,,,,,
paper,word2vec__logistic.json,lexical,W2V,LogReg,N/A,word2vec,logistic,0.8257839721254355,0.799763697287496,0.8654373931161179,0.8091769416597099,10.86919086335251,,,,,,,
paper,word2vec__random_forest.json,lexical,W2V,RF,N/A,word2vec,random_forest,0.8275261324041812,0.8013417032172698,0.8684691488459269,0.8109192171493158,156.88674216046138,,,,,,,
paper,word2vec__svm.json,lexical,W2V,SVM,N/A,word2vec,svm,0.8242353852109949,0.7984123459361446,0.8625521158165642,0.8076727089338357,9659.304794812333,,,,,,,
paper,word2vec_logistic.json,lexical,W2V,LogReg,N/A,word2vec,logistic,0.8257839721254355,0.799763697287496,0.8654373931161179,0.8091769416597099,10.86919086335251,,,,,,,
paper,word2vec_random_forest.json,lexical,W2V,RF,N/A,word2vec,random_forest,0.8275261324041812,0.8013417032172698,0.8684691488459269,0.8109192171493158,156.88674216046138,,,,,,,
paper,word2vec_svm.json,lexical,W2V,SVM,N/A,word2vec,svm,0.8242353852109949,0.7984123459361446,0.8625521158165642,0.8076727089338357,9659.304794812333,,,,,,,
