group,classifier,device,latency_ms,latency_p95_ms,throughput_msg_s,note
TF-IDF,LogReg,CPU,0.21058800030004932,0.24082839981929283,59427.709090578326,
TF-IDF,SVM,CPU,0.6025125003361609,0.7008924500041757,5643.998082250649,
TF-IDF,RF,CPU,2.0717070010505267,2.226771598907362,27109.63438411067,
TF-IDF,NB,CPU,0.23661550039832946,0.2668155988430954,58454.21924689792,
Count,LogReg,CPU,0.08416499986196868,0.10813514927576762,58998.48259884095,
Count,SVM,CPU,0.4229554997436935,0.49851735102492956,7047.391107784081,
Count,RF,CPU,2.0180954998068046,2.1251556002425787,26642.703018321765,
Count,NB,CPU,0.1073199991878937,0.13691915155504833,54712.54646563272,
Char TF-IDF,LogReg,CPU,0.4500800005189376,0.7340313492022689,5333.021442774261,
Char TF-IDF,SVM,CPU,4.995825999685621,6.389944198963348,333.99855935015614,
Char TF-IDF,RF,CPU,7.081563000610913,7.656801000211999,3351.493145276517,
Char TF-IDF,NB,CPU,1.3558754999394296,1.9013859497135857,5352.235276103428,
Word+Char TF-IDF,LogReg,CPU,0.8752490002734703,1.1956691004343158,4908.87513782666,
