key,system,origin,acc,f1_pos,recall_pos,macro_f1,d_accuracy,d_f1_pos,d_recall_pos,d_macro_f1,lo_accuracy,lo_f1_pos,lo_recall_pos,lo_macro_f1,hi_accuracy,hi_f1_pos,hi_recall_pos,hi_macro_f1,p_accuracy,p_f1_pos,p_recall_pos,p_macro_f1,mcnemar_b,mcnemar_c,p_mcnemar,p_accuracy_holm,p_f1_pos_holm,p_recall_pos_holm,p_macro_f1_holm,p_mcnemar_holm
finetune_google-bert_bert-base-multilingual-cased_bert,mBERT (fine-tuned),new,0.9874177313201703,0.9852907897714415,0.9868540344514959,0.9871490309418682,-0.016453735965931027,-0.018491320979940773,0.0031731640979147935,-0.01664919334694348,-0.02051877661633761,-0.023249775789234598,-0.0009191176470587676,-0.020834417379712523,-0.012388695315524556,-0.013850320063593716,0.007650765076507637,-0.012543137782596154,0.0001,0.0001,0.1726,0.0001,17,102,5.860119505182689e-16,0.0066,0.0066,0.3452,0.0066,3.867678873420575e-14
finetune_csebuetnlp_banglabert_bert,BanglaBERT (fine-tuned),new,0.9870305845915602,0.9848244620611551,0.985494106980961,0.9867505781659502,-0.01606658923732096,-0.018024993269654455,0.004533091568449721,-0.01625074057102549,-0.020325203252032464,-0.022870313889669872,0.0008791015747537656,-0.020520845476249487,-0.01200154858691449,-0.013415600905135272,0.008644222020018244,-0.012139121448446342,0.0001,0.0001,0.0302,0.0001,18,101,3.365770432366397e-15,0.0066,0.0066,0.0906,0.0066,2.187750781038158e-13
finetune_FacebookAI_xlm-roberta-base_bert,XLM-R-Base (fine-tuned),new,0.9860627177700348,0.9837471783295711,0.9877606527651859,0.9857739619197838,-0.015098722415795574,-0.016947709538070455,0.002266545784224805,-0.015274124324859084,-0.019163763066202044,-0.021559671333466864,-0.0009220839096357736,-0.019364604818532475,-0.011227255129694136,-0.01250223083750409,0.005850585058505778,-0.011338679602913227,0.0001,0.0001,0.2428,0.0001,15,93,6.404555406738943e-15,0.0066,0.0066,0.3452,0.0066,4.0989154603129235e-13
word_char_tfidf_svm,Word+CharTFIDF + SVM,new,0.9858691444057298,0.983420395185101,0.9814143245693563,0.9855540161116938,-0.01490514905149054,-0.016620926393600355,0.008612873980054392,-0.015054178516769046,-0.019163763066202044,-0.021394758738662457,0.004528934251185934,-0.019316985298399383,-0.010840108401083959,-0.011954610979725125,0.013057244450865783,-0.010929476500569692,0.0001,0.0001,0.0001,0.0001,21,98,4.4033126351506433e-13,0.0066,0.0066,0.0066,0.0066,2.7740869601449053e-11
finetune_ai4bharat_indic-bert_bert,IndicBERT (fine-tuned),new,0.9852884243128146,0.9827820570910738,0.9832275611967362,0.984969940340062,-0.01432442895857533,-0.01598258829957311,0.006799637352674526,-0.01447010274513727,-0.018583042973286834,-0.02091310932400258,0.002303086135421406,-0.01880266214498974,-0.010259388308168749,-0.011316115433232288,0.011312345218757557,-0.010335303541498742,0.0001,0.0001,0.0014,0.0001,25,99,1.2977559955671763e-11,0.0066,0.0066,0.0084,0.0066,7.916311572959776e-10
char_tfidf_svm,CharTFIDF + SVM,new,0.9852884243128146,0.982766439909297,0.9823209428830463,0.9849664688570463,-0.01432442895857533,-0.015966971117796325,0.007706255666364403,-0.014466631262121554,-0.0183894696089818,-0.020734701054392096,0.003628076797355406,-0.018662873439535668,-0.010452961672473782,-0.011434702029655961,0.012233801540552758,-0.01049666292871061,0.0001,0.0001,0.0001,0.0001,21,95,1.972638273199072e-12,0.0066,0.0066,0.0066,0.0066,1.2230357293834247e-10
finetune_distilbert_distilbert-base-multilingual-cased_bert,DistilBERT (fine-tuned),new,0.9849012775842044,0.9823369565217391,0.9832275611967362,0.98457618617162,-0.013937282229965153,-0.015537487730238442,0.006799637352674526,-0.014076348576695263,-0.018002322880371735,-0.0202800118748375,0.0022977677304844984,-0.018271903550050136,-0.009872241579558683,-0.010894251724674987,0.011389781319107171,-0.009956453937455562,0.0001,0.0001,0.0024,0.0001,23,95,1.3814108903466336e-11,0.0066,0.0066,0.011999999999999999,0.0066,8.288465342079802e-10
word_char_tfidf_random_forest,Word+CharTFIDF + RF,new,0.9849012775842044,0.9822807814629714,0.9800543970988214,0.9845636622323288,-0.013937282229965153,-0.015481312671470682,0.00997280145058932,-0.014063824637404077,-0.018195896244676768,-0.020344114121906124,0.005097253302231641,-0.018391923924143058,-0.009872241579558572,-0.010722490733608488,0.0150136487716106,-0.009879541519667271,0.0001,0.0001,0.0001,0.0001,27,99,7.472488762210247e-11,0.0066,0.0066,0.0066,0.0066,4.334043482081943e-09
finetune_google_muril-base-cased_bert,MuRIL (fine-tuned),new,0.9847077042198994,0.9821226521837519,0.9836808703535811,0.9843811299139629,-0.01374370886566012,-0.01532318339225125,0.006346328195829587,-0.013881292319038119,-0.01780874951606659,-0.020060486570033544,0.0022370365485550854,-0.01804750111333802,-0.00967866821525365,-0.01070930561340793,0.010830447148177467,-0.009769871973796857,0.0001,0.0001,0.005,0.0001,24,95,3.470921927175235e-11,0.0066,0.0066,0.02,0.0066,2.0478439370333887e-09
char_tfidf_random_forest,CharTFIDF + RF,new,0.9845141308555942,0.9818264425261245,0.9796010879419764,0.9841678586998245,-0.013550135501354976,-0.015026973734623805,0.010426110607434258,-0.01366802110489973,-0.01780874951606659,-0.01997674997038164,0.005552920518090226,-0.01806378380523179,-0.009291521486643473,-0.010200437712662292,0.015510948905109512,-0.009365531953014717,0.0001,0.0001,0.0001,0.0001,30,100,5.421168026537841e-10,0.0066,0.0066,0.0066,0.0066,3.0900657751265695e-08
finetune_ai4bharat_IndicBERTv2-MLM-only_bert,IndicBERTv2 (fine-tuned),new,0.9831591173054588,0.9803211942999321,0.9823209428830463,0.9828014362634833,-0.012195121951219523,-0.013521725508431448,0.007706255666364403,-0.012301598668558511,-0.016453735965931027,-0.018361739910539597,0.0031688188386055165,-0.016596347866702017,-0.008130081300813052,-0.008938332370807538,0.01235132662397076,-0.008188504915729661,0.0001,0.0001,0.0002,0.0001,30,93,1.0837914423674379e-08,0.0066,0.0066,0.0066,0.0066,6.069232077257652e-07
fasttext_char,fastText (char n-gram),new,0.9829655439411537,0.9800543970988214,0.9800543970988214,0.9825947661169783,-0.012001548586914379,-0.013254928307320668,0.00997280145058932,-0.012094928522053516,-0.016260162601625994,-0.018048799567728497,0.005578735748394034,-0.016386776810697588,-0.007936507936507908,-0.00854499212109421,0.014673351264065096,-0.007952642905752387,0.0001,0.0001,0.0001,0.0001,29,91,1.2187085804505007e-08,0.0066,0.0066,0.0066,0.0066,6.702897192477754e-07
word_char_tfidf_logistic,Word+CharTFIDF + LogReg,new,0.9829655439411537,0.9799909049567985,0.9768812330009066,0.9825805552758378,-0.012001548586914379,-0.013191436165297832,0.013145965548504113,-0.012080717680913011,-0.016260162601625994,-0.01809569763643934,0.008470609379142536,-0.016393981348219143,-0.007742934572202875,-0.00837377471872994,0.018206852696133934,-0.007772788155708063,0.0001,0.0001,0.0001,0.0001,30,92,1.6467215702312508e-08,0.0066,0.0066,0.0066,0.0066,8.892296479248755e-07
huggingface_intfloat_multilingual-e5-small_svm,E5-Small + SVM,paper-repro,0.9821912504839334,0.9791004089050431,0.9768812330009066,0.9817930375047981,-0.011227255129694136,-0.012300940113542436,0.013145965548504113,-0.01129319990987332,-0.015485869144405643,-0.01714997290131556,0.008089887640449486,-0.015603444753283116,-0.006968641114982632,-0.007446555170870152,0.018493459630130826,-0.006971136319516511,0.0001,0.0001,0.0001,0.0001,33,91,1.8592713687301678e-07,0.0066,0.0066,0.0066,0.0066,9.668211117396873e-06
finetune_google_mobilebert-uncased_bert,MobileBERT (fine-tuned),paper-repro,0.9818041037553232,0.9786363636363636,0.9759746146872167,0.9813950530251947,-0.010840108401083959,-0.011836894844862944,0.01405258386219399,-0.010895215430269944,-0.01548586914440564,-0.017077528002334388,0.008395131535062156,-0.015559846213083494,-0.006387921022067311,-0.006740540818253457,0.019909680407596143,-0.006370222140536142,0.0001,0.0001,0.0001,0.0001,44,100,3.493809651109119e-06,0.0066,0.0066,0.0066,0.0066,0.00015722143429991036
count_random_forest,Count + RF,paper-repro,0.9816105303910182,0.9783451105539093,0.9728014505893019,0.981182647791673,-0.010646535036778926,-0.011545641762408576,0.017225747960108784,-0.010682810196748216,-0.015098722415795574,-0.01665254306914802,0.012003554961286583,-0.015212912110687222,-0.0061943476577623864,-0.0065018335176799235,0.02294799820583677,-0.006190222044932234,0.0001,0.0001,0.0001,0.0001,40,95,2.4722651029795295e-06,0.0066,0.0066,0.0066,0.0066,0.00011619645984003788
char_tfidf_logistic,CharTFIDF + LogReg,new,0.9814169570267132,0.9781718963165075,0.9750679963735267,0.980996969391823,-0.010452961672473893,-0.011372427525006779,0.014959202175883979,-0.010497131796898262,-0.014711575687185507,-0.01635806787797816,0.009768985737587721,-0.014884007657507902,-0.006194347657762278,-0.006548672854909235,0.020548179878220458,-0.006186583272923061,0.0001,0.0001,0.0001,0.0001,35,89,1.3391625040993677e-06,0.0066,0.0066,0.0066,0.0066,6.561896270086902e-05
tfidf_svm,TFIDF + SVM,paper-repro,0.9814169570267132,0.9781718963165075,0.9750679963735267,0.980996969391823,-0.010452961672473893,-0.011372427525006779,0.014959202175883979,-0.010497131796898262,-0.014711575687185396,-0.016185798538337022,0.010105533980131998,-0.014786212894489495,-0.006387921022067422,-0.006842322393582388,0.020140183472429785,-0.006431905097115673,0.0001,0.0001,0.0001,0.0001,33,87,8.680495331686947e-07,0.0066,0.0066,0.0066,0.0066,4.340247665843473e-05
tfidf_random_forest,TFIDF + RF,paper-repro,0.9814169570267132,0.9780821917808219,0.970988213961922,0.9809765797613788,-0.010452961672473893,-0.011282722989321203,0.01903898458748865,-0.010476742166454,-0.01490514905149054,-0.01650677188660066,0.013333185250999533,-0.015099780407052659,-0.006000774293457245,-0.006131147281960082,0.025064851323708136,-0.005935796462964227,0.0001,0.0001,0.0001,0.0001,45,99,7.952538678129078e-06,0.0066,0.0066,0.0066,0.0066,0.00034991170183767945
huggingface_sentence-transformers_LaBSE_svm,LaBSE + SVM,paper-repro,0.981029810298103,0.9777373920945025,0.9755213055303718,0.9806056269072849,-0.010065814943863716,-0.010937923303001806,0.014505893019038929,-0.01010578931236017,-0.014518002322880363,-0.01605972170836618,0.009099077626897132,-0.014627090830670464,-0.005807200929152101,-0.006028353469172042,0.020325391100491464,-0.005779924536679715,0.0001,0.0001,0.0001,0.0001,41,93,8.233374857241987e-06,0.0066,0.0066,0.0066,0.0066,0.0003540351188614054
fasttext_word,fastText (word),new,0.981029810298103,0.9777171441564347,0.9746146872166818,0.9806010729208193,-0.010065814943863716,-0.010917675364934043,0.015412511332728918,-0.010101235325894575,-0.01432442895857522,-0.015716437576994546,0.010369468882769127,-0.014399806540997115,-0.006000774293457134,-0.006194453328596382,0.020748993663991192,-0.005950493499142404,0.0001,0.0001,0.0001,0.0001,36,88,3.3919214577622724e-06,0.0066,0.0066,0.0066,0.0066,0.00015602838705706452
huggingface_sentence-transformers_LaBSE_random_forest,LaBSE + RF,paper-repro,0.980836236933798,0.977319587628866,0.9669084315503174,0.9803641678717482,-0.009872241579558683,-0.010520118837365255,0.02311876699909332,-0.00986433027682343,-0.014711575687185507,-0.016172643763706473,0.016689219666215616,-0.014849138390628094,-0.005032907471931858,-0.004981430507867473,0.02991845733320273,-0.004953086905147036,0.0001,0.0004,0.0001,0.0001,57,108,8.807925750579802e-05,0.0066,0.0152,0.0066,0.0066,0.003435091042726123
huggingface_ai4bharat_IndicBERTv2-MLM-only_svm,IndicBERTv2 + SVM,new,0.9802555168408827,0.9768497503404449,0.9755213055303718,0.9798187327470027,-0.009291521486643473,-0.010050281548944162,0.014505893019038929,-0.009318895152077955,-0.01374370886566012,-0.015129396893049854,0.008911741539464368,-0.013830564860891506,-0.004839334107626825,-0.005061258617016938,0.020202133594589833,-0.004824476918580909,0.0001,0.0002,0.0001,0.0001,46,94,6.106032145217525e-05,0.0066,0.008400000000000001,0.0066,0.0066,0.00244241285808701
huggingface_sentence-transformers_LaBSE_logistic,LaBSE + LogReg,paper-repro,0.9802555168408827,0.9768392370572208,0.9750679963735267,0.9798163796622137,-0.009291521486643473,-0.010039768265720062,0.014959202175883979,-0.009316542067288935,-0.01374370886566012,-0.015205005277748132,0.00946372239747639,-0.01386842284663226,-0.004839334107626825,-0.004967630169901023,0.020756697025322835,-0.004795684540776674,0.0001,0.0002,0.0001,0.0001,44,92,4.7096705279504535e-05,0.0066,0.008400000000000001,0.0066,0.0066,0.0019780616217391907
count_logistic,Count + LogReg,paper-repro,0.9800619434765776,0.9765322396901345,0.971441523118767,0.9796004627695162,-0.009097948122338329,-0.00973277089863378,0.01858567543064371,-0.009100625174591426,-0.013550135501354976,-0.014841406306033636,0.01311623699683406,-0.013614637413114573,-0.004839334107626714,-0.004796996689143078,0.024568068459637486,-0.004764018671399603,0.0002,0.0002,0.0001,0.0002,42,89,4.915299690811684e-05,0.0078000000000000005,0.008400000000000001,0.0066,0.0078000000000000005,0.0020152728732327906
count_svm,Count + SVM,paper-repro,0.978513356562137,0.974835638177284,0.9746146872166818,0.9780444024360495,-0.007549361207897731,-0.008036169385783332,0.015412511332728918,-0.007544564841124757,-0.011807975222609346,-0.012928494489362521,0.010478359908883902,-0.011866924654599912,-0.0032907471931862275,-0.0031930110127792134,0.020711624501583953,-0.0032262941381672274,0.0006,0.0018,0.0001,0.0006,45,84,0.0007558902724563365,0.022799999999999997,0.0612,0.0066,0.022799999999999997,0.028723830353340786
huggingface_intfloat_multilingual-e5-small_logistic,E5-Small + LogReg,paper-repro,0.9781262098335269,0.9743356802180332,0.972348141432457,0.977638408501663,-0.007162214479287665,-0.007536211426532491,0.017679057116953723,-0.007138570906738195,-0.011614401858304313,-0.012618167030111907,0.01182355616189179,-0.011645915911042864,-0.0029036004645760505,-0.0026671495990166884,0.02372266857915825,-0.0028165991376779866,0.0014,0.0026,0.0001,0.0014,47,84,0.0015581706108055652,0.0518,0.0858,0.0066,0.0504,0.05765231259980591
huggingface_intfloat_multilingual-e5-small_random_forest,E5-Small + RF,paper-repro,0.9781262098335269,0.9741359578850995,0.9646418857660924,0.9775928825145772,-0.007162214479287665,-0.0073364890935988525,0.025385312783318237,-0.007093044919652458,-0.012001548586914379,-0.01293513653233882,0.01876114727783473,-0.011995991488659107,-0.0025164537359658734,-0.0019585000660313776,0.03249142929873978,-0.0023606050785299018,0.0022,0.0074,0.0001,0.0032,59,96,0.003693036614968012,0.0792,0.2146,0.0066,0.1056,0.1218702082939444
huggingface_google_muril-base-cased_random_forest,MuRIL + RF,new,0.9781262098335269,0.9740289588600322,0.9605621033544878,0.9775678985906915,-0.007162214479287665,-0.007229490068531463,0.029465095194922908,-0.007068060995766734,-0.012195121951219523,-0.013089594582931036,0.0222626079054975,-0.012204284143311667,-0.0021293070073558074,-0.0013793954803532555,0.03698631681712299,-0.001939517320841333,0.0078,0.0192,0.0001,0.009,71,108,0.006961190928254817,0.22619999999999998,0.4992,0.0066,0.252,0.2088357278476445
huggingface_google-bert_bert-base-multilingual-cased_svm,mBERT + SVM,new,0.9779326364692218,0.9740555302685481,0.970081595648232,0.9774285734872548,-0.006968641114982521,-0.007256061477047382,0.01994560290117864,-0.006928735892330007,-0.011614401858304313,-0.01265609935504167,0.013642564802182844,-0.011676407610561596,-0.0025164537359658734,-0.0019919676209650657,0.026517152008730005,-0.002327065780563469,0.0044,0.0084,0.0001,0.0044,58,94,0.004370938072618711,0.1408,0.2352,0.0066,0.13640000000000002,0.13987001832379875
huggingface_ai4bharat_IndicBERTv2-MLM-only_logistic,IndicBERTv2 + LogReg,new,0.9777390631049168,0.9738576949306661,0.970988213961922,0.9772372917599563,-0.006775067750677488,-0.007058226139165402,0.01903898458748865,-0.006737454165031576,-0.01142082849399928,-0.01250488894622762,0.01283813241607922,-0.011502727273735396,-0.0021293070073558074,-0.001729313710630263,0.025582728779903655,-0.002015908754474881,0.0048,0.0106,0.0001,0.0048,59,94,0.005802740347174383,0.1488,0.2862,0.0066,0.144,0.17988495076240588
huggingface_ai4bharat_IndicBERTv2-MLM-only_random_forest,IndicBERTv2 + RF,new,0.9775454897406117,0.9734310581768209,0.9632819582955575,0.9769937724675589,-0.006581494386372455,-0.006631589385320158,0.026745240253853164,-0.006493934872634166,-0.011614401858304202,-0.012339546687551597,0.019599104055807243,-0.011572711862778437,-0.0017421602787456303,-0.0010009861304219965,0.034121929026387665,-0.0015621614542041815,0.01,0.0224,0.0001,0.0108,66,100,0.010212663152631522,0.27,0.5376,0.0066,0.2808,0.28252391466428006
tfidf_logistic,TFIDF + LogReg,paper-repro,0.9767711962833914,0.9726651480637813,0.9678150498640072,0.9762349637996457,-0.005807200929152101,-0.005865679272280655,0.022212148685403443,-0.005735126204720942,-0.010065814943863716,-0.010818160013247927,0.016128851682244327,-0.010088615561931769,-0.0015485869144405973,-0.0009149022892569772,0.028468142792589246,-0.0013919745897320735,0.0086,0.0198,0.0001,0.0098,49,79,0.010090139809438573,0.24080000000000001,0.4992,0.0066,0.2646,0.28252391466428006
huggingface_FacebookAI_xlm-roberta-base_random_forest,XLM-R-Base + RF,new,0.9765776229190863,0.9722285976589397,0.9601087941976428,0.9759887758169175,-0.005613627564847068,-0.005429128867438959,0.029918404351767847,-0.005488938221992701,-0.010646535036778926,-0.01124697379905463,0.02267547998347113,-0.010604592530876783,-0.0007742934572202431,0.00022641114677572171,0.03729001946748007,-0.0005440190686549463,0.0264,0.0636,0.0001,0.0312,71,100,0.031954028592737986,0.6192,1.0,0.0066,0.7176,0.7349426576329737
huggingface_sentence-transformers_paraphrase-multilingual-MiniLM-L12-v2_svm,ParaMiniLM + SVM,paper-repro,0.9759969028261711,0.971702418986764,0.9650951949229375,0.9754310414261551,-0.005032907471931858,-0.0049029501952633225,0.024932003626473187,-0.0049312038312303574,-0.010065814943863716,-0.010631157773868916,0.017872906532196843,-0.010012619577717319,0.0,0.0009194632412203685,0.032316838268919006,0.00019793888743909163,0.0544,0.0968,0.0001,0.0594,74,100,0.05774745529642953,1.0,1.0,0.0066,1.0,1.0
huggingface_google-bert_bert-base-multilingual-cased_logistic,mBERT + LogReg,new,0.9758033294618661,0.9715456407921693,0.9673617407071623,0.975249163214741,-0.004839334107626825,-0.004746172000668625,0.022665457842248382,-0.004749325619816225,-0.00967866821525365,-0.010362186302682033,0.01587984260017791,-0.009697519059504783,0.0,0.0008116194214009777,0.029534155409187832,0.0001653258784393441,0.0552,0.0968,0.0001,0.0562,69,94,0.059798913627112274,1.0,1.0,0.0066,1.0,1.0
huggingface_google_muril-base-cased_svm,MuRIL + SVM,new,0.9725125822686799,0.9673262770363553,0.9528558476881233,0.9718021294971285,-0.0015485869144405973,-0.0005268082448546263,0.03717135086128742,-0.0013022919022037671,-0.006775067750677491,-0.006698248194683618,0.028959276018099556,-0.006670947457250498,0.0036778939217962936,0.005506867693692843,0.04578465738824719,0.004003735601277399,0.5968,0.882,0.0001,0.6488,92,100,0.6135472375934601,1.0,1.0,0.0066,1.0,1.0
huggingface_csebuetnlp_banglabert_random_forest,BanglaBERT + RF,new,0.9721254355400697,0.966728280961183,0.9483227561196736,0.9713721351508113,-0.0011614401858304202,7.118783031767606e-05,0.04170444242973703,-0.0008722975558865809,-0.006775067750677488,-0.006449391393606863,0.03320034495025971,-0.006585526117898205,0.004452187379016648,0.006590501395130245,0.05067873303167425,0.004820579798130503,0.7084,0.9794,0.0001,0.7634,102,108,0.7301611158072397,1.0,1.0,0.0066,1.0,1.0
huggingface_ai4bharat_indic-bert_svm,IndicBERT + SVM,new,0.9719318621757647,0.966750745241917,0.9555757026291931,0.9712333528587747,-0.0009678668215253872,4.8723549583740144e-05,0.03445149592021757,-0.0007335152638499043,-0.006387921022067311,-0.006204262890966067,0.02649281442159633,-0.006234589606992918,0.004258614014711504,0.0060228397973656695,0.04279287311562633,0.004541749465788508,0.752,0.9824,0.0001,0.8056,93,98,0.7723417190395665,1.0,1.0,0.0066,1.0,1.0
huggingface_google-bert_bert-base-multilingual-cased_random_forest,mBERT + RF,new,0.9717382888114595,0.966219342896807,0.9465095194922938,0.9709632488194517,-0.0007742934572202431,0.0005801258946936949,0.0435176790571169,-0.00046341122452697725,-0.006387921022067311,-0.005921345244265195,0.03483043079743353,-0.006128576540190155,0.004645760743321681,0.00694663769250357,0.05258561975203102,0.005080365695519434,0.7968,0.8704,0.0001,0.8586,103,107,0.8360563438452242,1.0,1.0,0.0066,1.0,1.0
huggingface_sentence-transformers_paraphrase-multilingual-MiniLM-L12-v2_logistic,ParaMiniLM + LogReg,paper-repro,0.9709639953542393,0.9658314350797267,0.9610154125113327,0.970293704749557,0.0,0.0009680337117740079,0.02901178603807797,0.0002061328453677458,-0.005226480836237002,-0.00512394420180389,0.02139274752396921,-0.005147923987866429,0.005420054200542035,0.007196340530146516,0.03703745039682545,0.005713692484624432,1.0,0.7564,0.0001,0.9402,99,99,1.0,1.0,1.0,0.0066,1.0,1.0
huggingface_BAAI_bge-small-en-v1.5_svm,BGE + SVM,paper-repro,0.9705768486256291,0.9651376146788991,0.9537624660018132,0.9698427524164757,0.00038714672861017707,0.0016618541126015574,0.036264732547597434,0.0006570851784490905,-0.004839334107626825,-0.0044710506568517,0.028457046853705537,-0.004707000319494325,0.005613627564847179,0.007858201602747937,0.044675404058861355,0.006078303700470996,0.911,0.5918,0.0001,0.8,97,95,0.9424925696532239,1.0,1.0,0.0066,1.0,1.0
huggingface_sentence-transformers_paraphrase-multilingual-MiniLM-L12-v2_random_forest,ParaMiniLM + RF,paper-repro,0.9701897018970189,0.964516129032258,0.9487760652765186,0.9694075972264093,0.0007742934572203541,0.002283339759242664,0.04125113327289209,0.001092240368515407,-0.004645760743321681,-0.004021029358037095,0.03281675280496904,-0.004438404697625775,0.006387921022067311,0.008734574669323156,0.04995290704254067,0.006785146260148666,0.8196,0.4758,0.0001,0.7078,106,102,0.8352818537973732,1.0,1.0,0.0066,1.0,1.0
huggingface_sentence-transformers_all-MiniLM-L6-v2_svm,MiniLM6 + SVM,paper-repro,0.9699961285327139,0.9644739857895943,0.9537624660018132,0.9692532435230431,0.0009678668215253872,0.002325483001906381,0.036264732547597434,0.001246594071881657,-0.004258614014711615,-0.0038139974182093083,0.02809243316719523,-0.00411729591989331,0.006387921022067311,0.008524024634394474,0.04472140261595125,0.0066852704704261304,0.7496,0.4688,0.0001,0.6464,102,97,0.7768377068940344,1.0,1.0,0.0066,1.0,1.0
word_char_tfidf_naive_bayes,Word+CharTFIDF + NB,new,0.9694154084397987,0.9644624381466487,0.971894832275612,0.9688095405140311,0.0015485869144405973,0.002337030644852023,0.01813236627379866,0.0016902970808936324,-0.0030971738288810835,-0.0028919032350693515,0.01207513416815742,-0.00300349509500718,0.006194347657762278,0.007597748111586624,0.024512029051293682,0.006411112253863069,0.5438,0.3918,0.0001,0.4894,79,71,0.567775487675328,1.0,1.0,0.0066,1.0,1.0
huggingface_BAAI_bge-small-en-v1.5_random_forest,BGE + RF,paper-repro,0.9686411149825784,0.962707182320442,0.9478694469628286,0.9678265370520045,0.0023228803716608404,0.004092286471058748,0.04215775158658208,0.002673300542920254,-0.0030971738288811945,-0.002306277746582422,0.033422112842674545,-0.002892851034730681,0.007936507936507908,0.010540616063652948,0.05115442387096459,0.008345384955075495,0.4338,0.201,0.0001,0.3566,112,100,0.45003684019759504,1.0,1.0,0.0066,1.0,1.0
huggingface_sentence-transformers_all-MiniLM-L12-v2_svm,MiniLM12 + SVM,paper-repro,0.9680603948896632,0.9619728047937313,0.9460562103354487,0.9672203419930612,0.0029036004645760505,0.0048266639977694314,0.04397098821396195,0.00327949560186358,-0.0027100271002709064,-0.0016509042370293158,0.035246122093185506,-0.0023339514601724036,0.00851722802942323,0.011460741917884766,0.05317722458929087,0.009063904421116674,0.3134,0.1366,0.0001,0.249,118,103,0.346346476906325,1.0,1.0,0.0066,1.0,1.0
huggingface_BAAI_bge-small-en-v1.5_logistic,BGE + LogReg,paper-repro,0.9678668215253581,0.961978928080623,0.9519492293744334,0.9670772950828861,0.0030971738288811945,0.004820540710877674,0.0380779691749773,0.003422542512038662,-0.0021293070073558074,-0.001369439414232737,0.029758649162471947,-0.00197123438238419,0.008323654665118085,0.011011295590689587,0.04673783354703471,0.008832149098604747,0.2648,0.1284,0.0001,0.2144,108,92,0.2888204971747663,1.0,1.0,0.0066,1.0,1.0
huggingface_ai4bharat_indic-bert_random_forest,IndicBERT + RF,new,0.967673248161053,0.9611898675342784,0.9374433363553943,0.9667452074443659,0.0032907471931862275,0.005609601257222319,0.05258386219401634,0.0037546301505588797,-0.0025164537359659844,-0.0012844129103539992,0.04334383402130134,-0.0022327541136755,0.00909794812233844,0.012504631574580293,0.06223687761763207,0.009692794023481402,0.2794,0.1062,0.0001,0.2182,127,110,0.2986470873125045,1.0,1.0,0.0066,1.0,1.0
huggingface_ai4bharat_indic-bert_logistic,IndicBERT + LogReg,new,0.967479674796748,0.9615032080659945,0.9510426110607434,0.9666765370088686,0.0034843205574912606,0.005296260725506152,0.03898458748866729,0.0038233005860561775,-0.0019357336430507743,-0.0010827649987180583,0.03055175558595535,-0.0017311398527862037,0.009097948122338329,0.011672887806752776,0.04768211920529797,0.009459690933042405,0.2318,0.1088,0.0001,0.1826,116,98,0.2451329705669599,1.0,1.0,0.0066,1.0,1.0
tfidf_naive_bayes,TFIDF + NB,paper-repro,0.9672861014324429,0.961704056197598,0.9619220308250227,0.9665759679535042,0.0036778939217964046,0.005095412593902671,0.02810516772438798,0.003923869641420552,-0.0009678668215252761,-0.00016118544653316022,0.021071919377004145,-0.0007431724997348481,0.008323654665118085,0.010402993787457333,0.03527270054591074,0.008630868376438682,0.1288,0.0576,0.0001,0.1034,84,65,0.14005540740614844,1.0,1.0,0.0066,1.0,1.0
huggingface_sentence-transformers_all-MiniLM-L12-v2_random_forest,MiniLM12 + RF,paper-repro,0.9668989547038328,0.960352422907489,0.9388032638259293,0.9659711940089862,0.004065040650406471,0.006447045884011682,0.05122393472348141,0.004528643585938519,-0.0017421602787456303,-0.00042570405815144086,0.041818181818181865,-0.0014365629989513738,0.009872241579558572,0.013155240670466964,0.06094318601736782,0.010386817296372903,0.177,0.0658,0.0001,0.1322,127,106,0.1900004175149028,1.0,1.0,0.0066,1.0,1.0
huggingface_sentence-transformers_distiluse-base-multilingual-cased-v2_random_forest,DistilUse + RF,paper-repro,0.9665118079752226,0.9600922722029989,0.943336355394379,0.9656222574955298,0.004452187379016648,0.006707196588501829,0.04669084315503169,0.004877580099394985,-0.0015485869144404862,-0.00021032338066986618,0.03758380034325998,-0.0011618130106427842,0.01025938830816886,0.013566845666604271,0.0562673538253705,0.010829259727506632,0.144,0.0554,0.0001,0.1102,130,107,0.15283864133933012,1.0,1.0,0.0066,1.0,1.0
huggingface_sentence-transformers_all-MiniLM-L6-v2_logistic,MiniLM6 + LogReg,paper-repro,0.9661246612466124,0.9598899839559936,0.9492293744333635,0.9652859201066615,0.004839334107626825,0.006909484835507129,0.040797824116047154,0.0052139174882632755,-0.0005807200929153211,0.000491329192511797,0.03209764918625668,-0.00036334912803198845,0.010452961672473893,0.013526151713207793,0.0499537571298599,0.010979304582415273,0.0908,0.0352,0.0001,0.0656,120,95,0.10145232764870649,1.0,0.7392000000000001,0.0066,1.0,1.0
huggingface_sentence-transformers_all-MiniLM-L12-v2_logistic,MiniLM12 + LogReg,paper-repro,0.9659310878823074,0.9595029912563277,0.9451495920217589,0.9650505267006664,0.005032907471931858,0.00729647753517304,0.044877606527651825,0.0054493108942583746,-0.0005807200929152101,0.0007322194522252721,0.03632959014664325,-0.0003236903518112538,0.01084010840108407,0.0140383682809522,0.054187525865406476,0.01136971112678417,0.0888,0.031,0.0001,0.0652,126,100,0.09610050867987756,1.0,0.6819999999999999,0.0066,1.0,1.0
huggingface_FacebookAI_xlm-roberta-base_svm,XLM-R-Base + SVM,new,0.9657375145180023,0.959487296864271,0.9501359927470535,0.9649021257086742,0.005226480836237002,0.00731217192722966,0.039891205802357166,0.005597711886250578,-0.00038714672861017707,0.0008128160624712027,0.0314746224769375,-0.00013314932932584887,0.01084010840108407,0.013865521415485185,0.0484444444444444,0.011359653879835804,0.078,0.0284,0.0001,0.055,122,95,0.07732325962365391,1.0,0.6532,0.0066,1.0,1.0
count_naive_bayes,Count + NB,paper-repro,0.9645760743321719,0.9586253673976939,0.9610154125113327,0.9638278300857144,0.006387921022067422,0.00817410139380681,0.02901178603807797,0.006672007509210376,0.0015485869144404862,0.002550012535946267,0.021857923497267784,0.0016943626603882858,0.011420828493999169,0.013860882719136212,0.03657408439885025,0.011722141433160924,0.0124,0.0046,0.0001,0.0086,98,65,0.011961024475466481,0.32239999999999996,0.1426,0.0066,0.2494,0.31098663636212853
huggingface_csebuetnlp_banglabert_svm,BanglaBERT + SVM,new,0.9641889276035618,0.9572846917571,0.9397098821396193,0.9632282482281584,0.006775067750677488,0.009514777034400734,0.050317316409791424,0.007271589366766307,0.0009678668215253872,0.0027083517086117642,0.040762043449365244,0.0013439920189901977,0.0125822686798297,0.01647117711094215,0.06021897810218968,0.013271664497395091,0.0258,0.0046,0.0001,0.016,137,102,0.027648484941012724,0.6192,0.1426,0.0066,0.384,0.6635636385843053
huggingface_google_muril-base-cased_logistic,MuRIL + LogReg,new,0.9639953542392566,0.957004160887656,0.9383499546690843,0.9630175649593126,0.006968641114982632,0.009795307903844641,0.05167724388032635,0.007482272635612186,0.0013501742160278345,0.00308035200282483,0.04208588798317551,0.0016326470787065728,0.0125822686798297,0.016584843665275795,0.061482820976491825,0.013340903421598535,0.0186,0.0044,0.0001,0.0138,133,97,0.020806548037297087,0.46499999999999997,0.1408,0.0066,0.345,0.5201637009324271
char_tfidf_naive_bayes,CharTFIDF + NB,new,0.9628339140534262,0.9566003616636528,0.9592021758839528,0.9620510271419145,0.008130081300813052,0.010199107127847884,0.030825022665457835,0.00844881045301027,0.0029036004645760505,0.004246192938484566,0.023415900439456537,0.003161467957787692,0.013356562137049836,0.016130786019003814,0.03854919009346025,0.013676838064036828,0.0034,0.0004,0.0001,0.0028,114,72,0.0025505192526799284,0.1122,0.0152,0.0066,0.09519999999999999,0.09181869309647742
tfidf_logistic_weighted,DLF layer 1 as coded (neg. weighted 15:1),paper-repro,0.9624467673248162,0.954331450094162,0.9188576609247506,0.9612222667959305,0.008517228029423118,0.012468018697338712,0.07116953762466005,0.009277570798994272,0.0023228803716608404,0.005224977918182558,0.06092052475140325,0.0029727946251020404,0.014522841656988026,0.019721290663739784,0.08211711771061159,0.015522816012465681,0.0058,0.0006,0.0001,0.0036,157,113,0.008750220575512778,0.174,0.020999999999999998,0.0066,0.1152,0.25375639668987054
huggingface_sentence-transformers_all-MiniLM-L6-v2_random_forest,MiniLM6 + RF,paper-repro,0.961866047231901,0.9543241363320195,0.9329102447869447,0.9607972235074286,0.009097948122338329,0.012475332459481181,0.05711695376246595,0.009702614087496175,0.0032907471931862275,0.005572539445317065,0.04731854022727864,0.003740414828537889,0.015098722415795574,0.019410629892304163,0.06717090317033556,0.015742441600478815,0.0026,0.0002,0.0001,0.0014,147,100,0.003341124249353659,0.08839999999999999,0.008400000000000001,0.0066,0.0504,0.1135982244780244
huggingface_sentence-transformers_distiluse-base-multilingual-cased-v2_svm,DistilUse + SVM,paper-repro,0.9612853271389856,0.9535315985130112,0.9301903898458749,0.9601765490906131,0.00967866821525365,0.013267870278489524,0.059836808703535804,0.010323288504311634,0.0034843205574912606,0.0060086202326014885,0.04948706107203142,0.003977428484303292,0.015873015873015928,0.020596399078811934,0.07035192987178285,0.016685649079532364,0.0024,0.0004,0.0001,0.0012,159,109,0.0026940582911533667,0.08399999999999999,0.0152,0.0066,0.044399999999999995,0.09429204019036783
huggingface_csebuetnlp_banglabert_logistic,BanglaBERT + LogReg,new,0.9550909794812233,0.9464450600184672,0.929283771532185,0.9538891966759002,0.015873015873015928,0.020354408773033517,0.06074342701722568,0.016610640919024533,0.009291521486643473,0.01271983605719212,0.05038566547582643,0.009965875565257395,0.02226093689508324,0.02783838628727975,0.07133378019112457,0.023128118911533012,0.0001,0.0001,0.0001,0.0001,185,103,1.5556712388197524e-06,0.0066,0.0066,0.0066,0.0066,7.467221946334812e-05
huggingface_sentence-transformers_distiluse-base-multilingual-cased-v2_logistic,DistilUse + LogReg,paper-repro,0.9539295392953929,0.9454128440366972,0.9342701722574795,0.952780099178429,0.017034456058846348,0.021386624754803463,0.05575702629193113,0.017719738416495767,0.010452961672473893,0.013772054265933758,0.045813928605966565,0.011037381166467556,0.023809523809523725,0.029188253131914563,0.06591433202789852,0.024576492715455457,0.0001,0.0001,0.0001,0.0001,196,108,5.074088981638657e-07,0.0066,0.0066,0.0066,0.0066,2.587785380635715e-05
huggingface_FacebookAI_xlm-roberta-base_logistic,XLM-R-Base + LogReg,new,0.9531552458381727,0.9442139234670355,0.928377153218495,0.9519201082133308,0.01780874951606659,0.022585545324465217,0.06165004533091567,0.018579729381593912,0.011420828493999169,0.01506023508006411,0.05115431112353523,0.012025365081273592,0.02400309717382887,0.02986478305340838,0.0721006354007346,0.024933674787982495,0.0001,0.0001,0.0001,0.0001,187,95,4.597883028260365e-08,0.0066,0.0066,0.0066,0.0066,2.4368780049779937e-06
