test_position,csv_row,label_original,label_corrected,message_sha256,direction,reason,verified_by
225,22419,1,0,70cf85e30a437cc1b99a1dd9ed2196f8de0b4829a8321307dd23cee92fdf2ab2,request -> not request,Asks why donation motivation drops; discussion.,"authors (human review), 2026-10-06"
243,25652,0,1,3b15b14bda446073b724b3967c82363d064d416c41cca6ecc27f7ae0bd0e12ba,not request -> request,O-ve blood urgently needed for mother,"authors (human review), 2026-10-06"
277,9086,0,1,2afe25eaf6d13e3cfc5bb13969244fcab157495b7d9616c208b991ec15dab647,not request -> request,Retweet of urgent O- blood need in Hyderabad.,"authors (human review), 2026-10-06"
287,10439,0,1,7df0f20f3bd24a338a01e869a51eb3eb8f679818753790f2868a553e39f8a066,not request -> request,O+ required urgently for bypass,"authors (human review), 2026-10-06"
365,19778,1,0,5b69c9346a77bbc693a576dd62ac11587f683ed13e200354fac48ff2005d060b,request -> not request,A+ donor ready; an offer.,"authors (human review), 2026-10-06"
415,22770,1,0,c6b62fd921bd8eed409c47ddab2cdcea76830497090ac72782640fbe3b08e40b,request -> not request,Report of completed donation,"authors (human review), 2026-10-06"
455,22455,1,0,8d494958ded125743b7f3b0a48c199476d6ab0d33ad29f02fdb2842f2844354f,request -> not request,Motivational message about donating.,"authors (human review), 2026-10-06"
517,13492,0,1,493a2b1c79cb1e1a15ce763d4f6bd4d462e872380ec091a1d65d49171607a344,not request -> request,Spanish appeal for blood donors for hospitalized patient,"authors (human review), 2026-10-06"
585,21494,1,0,8e2119d6afd51c8ada726ff200eec35296aec944e7a440a4ee1ea746e7da4258,request -> not request,Reports completed B+ donation and thanks.,"authors (human review), 2026-10-06"
608,20088,1,0,c9485dc16c6882da84d7de30ff57924ab64d8d472b22dd0006c263dc70563a6e,request -> not request,General moral advice.,"authors (human review), 2026-10-06"
723,23434,1,0,8d0cd9ed7487725ea465229afd008e940d2d25a814577c90f0457389cbdca771,request -> not request,Awareness post asking people to know blood group.,"authors (human review), 2026-10-06"
803,24410,1,0,7fc7a0d70df3b8a6a7d61adb5932ed81e4bc41499725103b8ad8c99c1f7f1ccf,request -> not request,Asks how many times people donated.,"authors (human review), 2026-10-06"
810,23404,1,0,b2f97bc5bf767ac73b1cdfe79bead2d2268a0a4b1fa3a3f3232f231469f0b174,request -> not request,Hospital job recruitment ad.,"authors (human review), 2026-10-06"
836,23476,1,0,bc1c2f471a2327d77cefe01922115cb63747b30ca868fb1efff7115d0acaae49,request -> not request,Person offers to give O+ blood today.,"authors (human review), 2026-10-06"
863,21030,1,0,a3fdd5bb32b45f49270549d06415ab3cbb7828f3d7175bbef6ba33316510efd6,request -> not request,Lists ready donors available; an offer.,"authors (human review), 2026-10-06"
865,20862,1,0,58b47d7daaadac595fb7a6949fb09097afbc139e771249fa109f9221f93062db,request -> not request,Scam warning about masks.,"authors (human review), 2026-10-06"
975,20444,1,0,4ec2ea446a934bb776b1704e8ee6b8e9e27154aa778b731cd857f4ab0ed428ad,request -> not request,Donor offering A+ blood,"authors (human review), 2026-10-06"
1014,18526,1,0,6286e042878484661c733eee93688542fe7a9e4279a0cbaddd975cf0056c864c,request -> not request,K-pop profile retweet,"authors (human review), 2026-10-06"
1031,9122,0,1,03c9ff21cd2d589446b463d6c48b25c236b3d40127914f0ac3d4d239d71d8021,not request -> request,Any group blood urgently needed at Gangaram.,"authors (human review), 2026-10-06"
1132,19911,1,0,444f920ca3f8071cb269289e782f4fde33acbdf203c9e52208adc6108fcd9762,request -> not request,"Report of completed donation, asks for prayers.","authors (human review), 2026-10-06"
1186,20421,1,0,0acc34095b004249c35345721f03e19c5b0ae1e5bc89d8952b8cc9cef22d4634,request -> not request,Report of completed donation.,"authors (human review), 2026-10-06"
1320,20769,1,0,b08ed518719f3b51a6ddf36ec7b2d07e1460036d64f0c027534ec6f496225037,request -> not request,Person offering to donate A+ blood.,"authors (human review), 2026-10-06"
1340,23561,1,0,7e56860e60bed922385aa974857af88baada332ca45cfd98556153c33a6d3e9b,request -> not request,Unknown patient identification appeal,"authors (human review), 2026-10-06"
1397,19009,1,0,3926e5c1d1c494027069ee84b8640cf1933d3c9c0aabb99a376356fee44530ae,request -> not request,"Financial help appeal, not blood.","authors (human review), 2026-10-06"
1400,20877,1,0,3e06b0c75f94fa03060d8ce374480a457e3b55414beead42b8b761c5d60fdb60,request -> not request,Protest about volunteer being insulted.,"authors (human review), 2026-10-06"
1489,9077,0,1,5fcd027bf6779f7c7f2cb9baee3347ed018f0fce8812356ee350374f96bd7b4e,not request -> request,Retweet: urgent AB+ blood with contact.,"authors (human review), 2026-10-06"
1553,18188,1,0,5f64dcfc76e31ebcd49575ca4dd240930c8655330f52653cd8dd594d87e3b55c,request -> not request,Donor offering availability.,"authors (human review), 2026-10-06"
1673,19817,1,0,475da505d7c2ee83abe363d8944edd7748d5715618c2d4d05aebadc7cffc53ee,request -> not request,Donor offering to donate regularly.,"authors (human review), 2026-10-06"
1716,19649,1,0,cc6988b83faa0f3326fd9ea7a637910b1dbe9e9c4556fbe006810815a641d618,request -> not request,Donation motivation poem.,"authors (human review), 2026-10-06"
1786,24204,1,0,8d314c8595db4aea863cec76fb7f964b91ab4571b5eabcaeedc9f1f3c4958060,request -> not request,Free cleft surgery announcement.,"authors (human review), 2026-10-06"
1938,20035,1,0,885b0070bd9235cff5f1743a56160ec7d0ae4643f6554c9e4db284ed888d3955,request -> not request,Islamic channel promotion.,"authors (human review), 2026-10-06"
1948,19711,1,0,a2888ee64ec16aed7819dc9ddc0dbffe711d6d2c1fb02a7f0f7760098d6c765a,request -> not request,Offer of A+ donor,"authors (human review), 2026-10-06"
2015,20130,1,0,c74dc95e3d68d1d2f25321e1b452d6f7e6267df4ec1c8dbe9c50e564f5cde73e,request -> not request,Money scam/loan spam.,"authors (human review), 2026-10-06"
2032,22438,1,0,c1874f45504a56affef9ea658e4343bbd4ac96bd1ca677f3d51313beff78332d,request -> not request,Praise for volunteer donors.,"authors (human review), 2026-10-06"
2242,19858,1,0,0044b0035d9d0339e3ee22d0bad1e007d385fabf63f1bdd94f7abd674eb5e758,request -> not request,HPV vaccine notice,"authors (human review), 2026-10-06"
2244,19866,1,0,39a58afd9d78d37eb63ab35da3e771c839daa649ec0d4c0e734561b020b5b781,request -> not request,Report of completed donation by group member.,"authors (human review), 2026-10-06"
2258,9811,0,1,431b443485c4a26c21fc6e3f45470197ba0e4188ce32509a8e5e56ff7b95528e,not request -> request,"3 units AB+ needed for heart surgery, contact given.","authors (human review), 2026-10-06"
2282,23512,1,0,00c31aefd17faca944853a0c806546cb416d4924586668ec03d96e2779f5f268,request -> not request,Motivation for blood donation.,"authors (human review), 2026-10-06"
2318,8915,0,1,2f215bbd7a7c0dfd70875b1fc6595a79eafc52daecb656f21a130551f784a88a,not request -> request,Urgent 5 A+ donors at ICU.,"authors (human review), 2026-10-06"
2335,20172,1,0,e699cbb2a898ff0ae280013c99bff2fdb89d445e4f0b002c7b57bdf0ca969a4d,request -> not request,Asks about training registration,"authors (human review), 2026-10-06"
2365,9523,0,1,69d93722db928fa61db30b0dcebe7843041708166f041c746eccd637e0b35472,not request -> request,B-ve blood required urgently in Lahore.,"authors (human review), 2026-10-06"
2375,8878,0,1,3b3b1e68fb29bc977552069a5c4e4be73534e2e6eb7902af996e03ffc4ffeee2,not request -> request,Urgent 3 O-ve donors at hospital,"authors (human review), 2026-10-06"
2531,15185,1,0,648125f22f82e609fa7164f304329bb1fc4af8d23c23c031f381e000f9ef99d3,request -> not request,Generic invitation quote.,"authors (human review), 2026-10-06"
2617,21100,1,0,e94c8a942a25c87f08b6017fb38b89299ad8ca0145cfbf056799066be0879539,request -> not request,Offer of ready donors,"authors (human review), 2026-10-06"
2643,9209,0,1,a1c68a366f6ae8326c09086fdc4d8c0f7ec37a0bc8fdd6fbbc6faf3643351b7a,not request -> request,Urgent blood required for cancer patient at AIIMS.,"authors (human review), 2026-10-06"
2740,21871,1,0,f7b4710d2a0c57169e3ea45326ae8fa4cc6b5ee51cdb1e626954a5462b67c907,request -> not request,Offer of 150+ ready donors.,"authors (human review), 2026-10-06"
2742,18529,1,0,6938ebbd513b2b33a129f56aa395761dfce04e798c816789a1d314efbad88279,request -> not request,Personal profile info; unrelated.,"authors (human review), 2026-10-06"
2853,10444,0,1,a78a32aa39e378c70d7a3dc7058cbee92d58d46d7ec14ac2af80d494f434a8a8,not request -> request,Retweet: O+ blood urgently required for bypass.,"authors (human review), 2026-10-06"
2883,19277,1,0,1fc20f7e46aa3fd66ecaf866396ec96f2d4c303e94c89294f2d2e54c623ef2ba,request -> not request,News about donor gathering and policy demand.,"authors (human review), 2026-10-06"
2919,23768,1,0,d51d7345b425f9ec0e95ffbabf6f982d5cdb1bb4d79c5a74285159d29517dbc1,request -> not request,Motivational slogan about blood.,"authors (human review), 2026-10-06"
2934,18146,1,0,eb032f4f85f98f60b040970e3bb58b1763993254bb508aad251b3341cef38f50,request -> not request,Cricket tour tweet.,"authors (human review), 2026-10-06"
3010,22508,1,0,395576dcb76af2508d069aed69e692085970306cfca88fdb8a199320ceba24b8,request -> not request,Report of completed 33rd donation.,"authors (human review), 2026-10-06"
3027,25601,0,1,bc882daad9ec2fe7fb4f712f11e25b560fbeb8f22a6cbf92d1b7cc5a1e40c993,not request -> request,3 bags Bombay blood needed for caesarean.,"authors (human review), 2026-10-06"
3107,14898,1,0,271084ada8222aeb604ec24f0c1f7585f2927a8d85a2fc07b40df0ce61818086,request -> not request,Prayer retweet,"authors (human review), 2026-10-06"
3116,22477,1,0,3024532a3133fe77987db950dff30011b7792c3649ec3da33f82aa1e80550ebb,request -> not request,Social post about tea with volunteer donors.,"authors (human review), 2026-10-06"
3158,22447,1,0,e20b80cf2f0718a14c60f7a28fdc96b1e4f6e5110ddebf7e0d103cc567cdee11,request -> not request,Report of completed B- donation.,"authors (human review), 2026-10-06"
3182,23238,1,0,adb78c505927ae453fab00510be1b1eb0f343c5052541b5d136fd3faa029c520,request -> not request,Scam warning,"authors (human review), 2026-10-06"
3183,21003,1,0,1aefdcd48e0b2cbeea48d772df35bcdf04e9707a411c8cf51d88fa80100eb3b1,request -> not request,List of ready donors available in Sylhet; an offer.,"authors (human review), 2026-10-06"
3235,21046,1,0,320e095dfeb93809ca0ed2079719f42d45566236767e05763c7bc08e6306500d,request -> not request,Lists ready donors available; an offer.,"authors (human review), 2026-10-06"
3311,22378,1,0,1a90fa7b530a2e50ff893489fb01bbfc18f48df9c8eded2d4ed976aff7e1f243,request -> not request,Donor offer; donation completed.,"authors (human review), 2026-10-06"
3336,21825,1,0,5e95d02ce49b0a68cc7fa6ee0ff1c427d944df67a76d80c23677fee79c274f65,request -> not request,Job ad,"authors (human review), 2026-10-06"
3421,22634,1,0,7cddcba2456873297bc02cee9ac7e2f4dde855d443ea66a5f393b7bb49473d76,request -> not request,"Report of completed donation, asks prayers.","authors (human review), 2026-10-06"
3482,20599,1,0,af7e55f2f3cff454f6d983b5fd0745650a28bec5959dbe2b1fa80973014a9db4,request -> not request,"Registration notice, unrelated.","authors (human review), 2026-10-06"
3508,22599,1,0,0f0bc8575a77d3e35121086faca1afefdb91f20b8bf1848eb24edf783b9dd9cc,request -> not request,Donors introducing themselves.,"authors (human review), 2026-10-06"
3543,9486,0,1,0150b00124a45cda69848411e2ee584bcb4bdddd7a6466afc6183e9192ca1310,not request -> request,Urdu retweet: O- blood urgently needed for patient.,"authors (human review), 2026-10-06"
3595,25029,1,0,602d531f1b1d956734438c9b400cd0adf3ac189378419449814a14b338ab1ce1,request -> not request,Offer to donate A+ in Dhaka.,"authors (human review), 2026-10-06"
3649,10442,0,1,a78a32aa39e378c70d7a3dc7058cbee92d58d46d7ec14ac2af80d494f434a8a8,not request -> request,Retweet: O+ blood urgently required for bypass.,"authors (human review), 2026-10-06"
3856,12704,0,1,a78a32aa39e378c70d7a3dc7058cbee92d58d46d7ec14ac2af80d494f434a8a8,not request -> request,O+ blood urgently required for bypass in Lahore.,"authors (human review), 2026-10-06"
3888,20426,1,0,89880b19268b87e316906718bdc8dc3dce02bf7fea101abe85276e42ef68f186,request -> not request,Donation slogan.,"authors (human review), 2026-10-06"
3914,23396,1,0,b2f97bc5bf767ac73b1cdfe79bead2d2268a0a4b1fa3a3f3232f231469f0b174,request -> not request,Job advertisement.,"authors (human review), 2026-10-06"
4015,23459,1,0,934975abe379b56194fdd4389b3bfe5ffa8699c0cdf86abf74e229dc27c7922c,request -> not request,Offer: AB+ and O+ donors ready.,"authors (human review), 2026-10-06"
4050,22413,1,0,829787bee0a23d19cd2404a1c38d7bd3834f4c9070a3e0a0faf3c9247a1bedcd,request -> not request,Offer: willing to donate AB+.,"authors (human review), 2026-10-06"
4080,23606,1,0,3752e9cad7fc3d184070679f64e7e9a7d33b8efbf74a2ce422d24e4554e98228,request -> not request,Offer of O+ donor,"authors (human review), 2026-10-06"
4193,19735,1,0,e2b15cc54cbbd4a6f4d7807ada81ded16f593ee780daac2b79c525bc754ffbea,request -> not request,Online job advertisement.,"authors (human review), 2026-10-06"
4643,9085,0,1,136a4a751c68eeaae984acb93568106e4003f14b84b2feebcf6afc33856c6195,not request -> request,"Urgent A+ blood at hospital, contact given.","authors (human review), 2026-10-06"
4739,23744,1,0,d8c8908388670a2856c9e40da8e55a14e9da5a17a510f801f6fb6fd14a448478,request -> not request,"Advice to donors about taking leave when called; awareness, no specific need.","authors (human review), 2026-10-06"
4777,19736,1,0,1dbcc02840ab158dc7385604a148517d0f5a3f765a6e1e45020877846494f180,request -> not request,Missing person post.,"authors (human review), 2026-10-06"
4822,22706,1,0,7968d60ddf5b3a3ed96d57aa7753d00a58e532da242ae2ec95906951fcb15ead,request -> not request,Reports completed donation by imam.,"authors (human review), 2026-10-06"
4857,19883,1,0,7c9a215f5405b725f10b199793f1a0cd288625eca8cfacaac637d16319ebd38c,request -> not request,Thanking posters; unrelated.,"authors (human review), 2026-10-06"
4939,9080,0,1,e4ab9c647b79dbe1781d0c4e6b4ab31ae3d0081a75980ee8b56a6b8fc93a33ec,not request -> request,Retweet: B+ blood needed in Madurai hospital.,"authors (human review), 2026-10-06"
5076,20701,1,0,ca958c16b5ac05b0a376622fdf1e4947c775867e27f66769cfd8170e00f7c7b5,request -> not request,Condolence for blood foundation founder,"authors (human review), 2026-10-06"
