system,d_f1_pos,lo,hi,p,errors,p_holm
CharTFIDF + LogReg,0.003701769957708989,0.0011326273532799498,0.006444464342240139,0.0062,42,0.0992
CharTFIDF + NB,0.02992987940560321,0.02441643862808471,0.035547976451684046,0.0001,155,0.0047
CharTFIDF + RF,0.0025399018637189963,-0.000485938646061862,0.005604785740639155,0.107,37,0.784
CharTFIDF + SVM,0.002062876053602003,-0.00025993673874618597,0.0044461842432211105,0.0946,35,0.784
fastText (char n-gram),0.0046129659868673345,0.0018249610285113128,0.007461269086555618,0.0016,46,0.032
fastText (word),0.006736787336916739,0.003425631586548758,0.01013803858234011,0.0001,55,0.0047
XLM-R-Base (fine-tuned),0.002741938981286718,-0.0002856724433318913,0.005810407312658688,0.087,38,0.784
IndicBERTv2 (fine-tuned),0.003895092211982476,0.0010863702276142611,0.006938507833440815,0.0102,43,0.1326
IndicBERT (fine-tuned),0.002758334528169981,-0.0002629659450628291,0.005728963028051553,0.0784,38,0.784
BanglaBERT (fine-tuned),0.0008987343422098837,-0.0019382523061445666,0.003855196015162402,0.5818,30,1.0
DistilBERT (fine-tuned),0.0020515396583262735,-0.0009726043430710235,0.00506256261781723,0.1916,35,1.0
mBERT (fine-tuned),0.0004277882198714389,-0.0023567948846066303,0.0032273753211344678,0.8036,28,1.0
MuRIL (fine-tuned),0.0011228189710730252,-0.0016682079847853692,0.0039501739430109865,0.4624,31,1.0
Word+CharTFIDF + LogReg,0.0030013332492350164,0.00042389461038775387,0.005714211240074648,0.0298,39,0.3278
Word+CharTFIDF + NB,0.021902112257576656,0.017211340348713598,0.026904742664982374,0.0001,121,0.0047
Word+CharTFIDF + RF,0.0018395725647853967,-0.000953945379351237,0.00458812418392876,0.2116,34,1.0
Word+CharTFIDF + SVM,0.0009052243382056124,-0.0016568416359097004,0.0034966479172199574,0.5178,30,1.0
Count + LogReg,0.006518517226949405,0.0034889257008726055,0.009663957494604403,0.0001,54,0.0047
Count + NB,0.025225952402105345,0.020537784094862167,0.030219169750540856,0.0001,135,0.0047
Count + RF,0.00489372839398472,0.0018722552687294365,0.008064659058821729,0.0018,47,0.0342
Count + SVM,0.00925268371453003,0.005703225874590323,0.012885437601087586,0.0001,66,0.0047
MobileBERT (fine-tuned),0.004858008708828243,0.0015825722072000726,0.008234395108727501,0.005,47,0.085
BGE + LogReg,0.01996323505231934,0.015287230078515342,0.024838032310006097,0.0001,111,0.0047
BGE + RF,0.0203154315713443,0.015579802218270499,0.02521935664364571,0.0001,112,0.0047
BGE + SVM,0.015990961344390375,0.011585956350609421,0.020551819641191092,0.0001,94,0.0047
E5-Small + LogReg,0.007891714091787239,0.004649555456825502,0.011202861595786887,0.0001,60,0.0047
E5-Small + RF,0.008913524042986287,0.005458050584044869,0.012588074939835195,0.0001,64,0.0047
E5-Small + SVM,0.003946207776763799,0.0009378455125611612,0.006883907997161816,0.009,43,0.126
LaBSE + LogReg,0.00439278423802103,0.0015849096816112935,0.007272389024882296,0.003,45,0.054
LaBSE + RF,0.0032929151436889015,0.000494793851703415,0.006160022161850956,0.015,40,0.18
LaBSE + SVM,0.003701769957708989,0.0011329818640432809,0.006448327043790736,0.0072,42,0.108
MiniLM12 + LogReg,0.02123220162979389,0.016484444718486042,0.02602012056805206,0.0001,116,0.0047
MiniLM12 + RF,0.021900577409677324,0.017025083829813402,0.027026164372865005,0.0001,118,0.0047
MiniLM12 + SVM,0.019167035956725864,0.014632668021034292,0.02389144446341333,0.0001,107,0.0047
MiniLM6 + LogReg,0.023302436935106585,0.01828490450938947,0.028758834779631575,0.0001,125,0.0047
MiniLM6 + RF,0.029554687326570073,0.024156655764916424,0.03523080921185549,0.0001,150,0.0047
MiniLM6 + SVM,0.01904850201771735,0.01450263837350201,0.0238434566465676,0.0001,107,0.0047
DistilUse + LogReg,0.03905922518223648,0.032884929271045714,0.04551823773932955,0.0001,192,0.0047
DistilUse + RF,0.02322580075261027,0.018343656496474244,0.028645327177077184,0.0001,124,0.0047
DistilUse + SVM,0.029869056544169492,0.024406906473521055,0.035667450136136994,0.0001,151,0.0047
ParaMiniLM + LogReg,0.016572910506872485,0.012267959042571181,0.021130615653061832,0.0001,97,0.0047
ParaMiniLM + RF,0.017981837418444724,0.013477490559264903,0.022502448873961533,0.0001,102,0.0047
ParaMiniLM + SVM,0.010295673308096553,0.006575844282230739,0.014132684956274918,0.0001,70,0.0047
TFIDF + LogReg,0.009302680056789026,0.0058987501938890545,0.012741389558960417,0.0001,66,0.0047
TFIDF + NB,0.02156751006762403,0.017140887245001783,0.026236960559990096,0.0001,119,0.0047
TFIDF + RF,0.004909108381947913,0.0018153296909740521,0.008188380129719708,0.0012,47,0.025199999999999997
TFIDF + SVM,0.005333848313078704,0.0024993253974513684,0.008253200224549229,0.0006,49,0.013199999999999998
